{
  "id": "inc-1772592447",
  "started_at": 1772592447.9398882,
  "timeline": [
    {
      "tick": 35,
      "service": "payment-service",
      "rca": "Anomaly detected.\nSuspected service: payment-service\nMetrics: cpu=0.19, mem=0.24, latency_ms=97.5, error_rate=0.02\nLog signals: none\nTrace errors: none\nRoot-cause hypothesis: Uncertain anomaly.",
      "actions": [
        {
          "ok": true,
          "tool": "create_ticket",
          "severity": "medium",
          "summary": "Uncertain anomaly in payment-service",
          "message": "Ticket created: severity=medium, summary=Uncertain anomaly in payment-service",
          "ts": 1772592447.943497
        }
      ],
      "metrics_snapshot": [
        {
          "service": "frontend",
          "cpu": 0.1427743847529814,
          "memory": 0.22376032696019033,
          "latency_ms": 80.42682587275753,
          "error_rate": 0.009017551207868695,
          "replicas": 2,
          "fault": null
        },
        {
          "service": "user-service",
          "cpu": 0.19152955366556068,
          "memory": 0.21880004812037268,
          "latency_ms": 100.34129767015446,
          "error_rate": 0.01032421840186918,
          "replicas": 1,
          "fault": null
        },
        {
          "service": "payment-service",
          "cpu": 0.18750648773837025,
          "memory": 0.24154672501487418,
          "latency_ms": 97.50501941022148,
          "error_rate": 0.024404438471745657,
          "replicas": 1,
          "fault": null
        },
        {
          "service": "db",
          "cpu": 0.19722814603302133,
          "memory": 0.22298826773055666,
          "latency_ms": 92.78682598296318,
          "error_rate": 0.010839577638104107,
          "replicas": 1,
          "fault": null
        }
      ]
    }
  ]
}