{
  "id": "inc-1772592452",
  "started_at": 1772592452.6001961,
  "timeline": [
    {
      "tick": 44,
      "service": "db",
      "rca": "Anomaly detected.\nSuspected service: db\nMetrics: cpu=0.22, mem=0.24, latency_ms=108.6, error_rate=0.01\nLog signals: none\nTrace errors: none\nRoot-cause hypothesis: Uncertain anomaly.",
      "actions": [
        {
          "ok": true,
          "tool": "create_ticket",
          "severity": "medium",
          "summary": "Uncertain anomaly in db",
          "message": "Ticket created: severity=medium, summary=Uncertain anomaly in db",
          "ts": 1772592452.602017
        }
      ],
      "metrics_snapshot": [
        {
          "service": "frontend",
          "cpu": 0.16395153844468527,
          "memory": 0.263659849801429,
          "latency_ms": 77.09965037014975,
          "error_rate": 0.0010253015376093938,
          "replicas": 2,
          "fault": null
        },
        {
          "service": "user-service",
          "cpu": 0.19590602115150346,
          "memory": 0.2613247904945564,
          "latency_ms": 102.38985008050486,
          "error_rate": 0.02362871864955083,
          "replicas": 1,
          "fault": null
        },
        {
          "service": "payment-service",
          "cpu": 0.215123657998761,
          "memory": 0.23549996061017558,
          "latency_ms": 108.02515588870925,
          "error_rate": 0.01434104201764821,
          "replicas": 1,
          "fault": null
        },
        {
          "service": "db",
          "cpu": 0.21793251636891828,
          "memory": 0.2447595715296802,
          "latency_ms": 108.63602171235854,
          "error_rate": 0.011698973212277839,
          "replicas": 1,
          "fault": null
        }
      ]
    }
  ]
}