{
  "id": "inc-1772592445",
  "started_at": 1772592445.8681788,
  "timeline": [
    {
      "tick": 31,
      "service": "user-service",
      "rca": "Anomaly detected.\nSuspected service: user-service\nMetrics: cpu=0.22, mem=0.27, latency_ms=119.3, error_rate=0.02\nLog signals: none\nTrace errors: none\nRoot-cause hypothesis: Uncertain anomaly.",
      "actions": [
        {
          "ok": true,
          "tool": "create_ticket",
          "severity": "medium",
          "summary": "Uncertain anomaly in user-service",
          "message": "Ticket created: severity=medium, summary=Uncertain anomaly in user-service",
          "ts": 1772592445.869608
        }
      ],
      "metrics_snapshot": [
        {
          "service": "frontend",
          "cpu": 0.18159852090973458,
          "memory": 0.27955455051900513,
          "latency_ms": 88.02283019463883,
          "error_rate": 0.003943860049915444,
          "replicas": 2,
          "fault": null
        },
        {
          "service": "user-service",
          "cpu": 0.21997791387924717,
          "memory": 0.27370204673445864,
          "latency_ms": 119.27640185681952,
          "error_rate": 0.024018139816484776,
          "replicas": 1,
          "fault": null
        },
        {
          "service": "payment-service",
          "cpu": 0.23055190867443312,
          "memory": 0.24797445037603782,
          "latency_ms": 113.8207474901062,
          "error_rate": 0.021324022298227656,
          "replicas": 1,
          "fault": null
        },
        {
          "service": "db",
          "cpu": 0.2106728759205261,
          "memory": 0.27223341533006457,
          "latency_ms": 103.41888558721325,
          "error_rate": 0.016494770301317088,
          "replicas": 1,
          "fault": null
        }
      ]
    }
  ]
}