{
  "id": "inc-1772592453",
  "started_at": 1772592453.6336288,
  "timeline": [
    {
      "tick": 46,
      "service": "payment-service",
      "rca": "Anomaly detected.\nSuspected service: payment-service\nMetrics: cpu=0.26, mem=0.30, latency_ms=119.5, error_rate=0.02\nLog signals: none\nTrace errors: none\nRoot-cause hypothesis: Uncertain anomaly.",
      "actions": [
        {
          "ok": true,
          "tool": "create_ticket",
          "severity": "medium",
          "summary": "Uncertain anomaly in payment-service",
          "message": "Ticket created: severity=medium, summary=Uncertain anomaly in payment-service",
          "ts": 1772592453.6413062
        }
      ],
      "metrics_snapshot": [
        {
          "service": "frontend",
          "cpu": 0.1922639912023419,
          "memory": 0.28800422606154347,
          "latency_ms": 107.14328747527215,
          "error_rate": 0.0096163627731957,
          "replicas": 2,
          "fault": null
        },
        {
          "service": "user-service",
          "cpu": 0.24663398708735956,
          "memory": 0.2629374573359851,
          "latency_ms": 120.77415944374036,
          "error_rate": 0.021315171668894035,
          "replicas": 1,
          "fault": null
        },
        {
          "service": "payment-service",
          "cpu": 0.2616088536371912,
          "memory": 0.29642428784433444,
          "latency_ms": 119.53446063649459,
          "error_rate": 0.020030584818853923,
          "replicas": 1,
          "fault": null
        },
        {
          "service": "db",
          "cpu": 0.2450979640816723,
          "memory": 0.2903544259849878,
          "latency_ms": 118.92790883600833,
          "error_rate": 0.02260718961125737,
          "replicas": 1,
          "fault": null
        }
      ]
    }
  ]
}