{
  "id": "inc-1772592446",
  "started_at": 1772592446.906692,
  "timeline": [
    {
      "tick": 33,
      "service": "payment-service",
      "rca": "Anomaly detected.\nSuspected service: payment-service\nMetrics: cpu=0.20, mem=0.24, latency_ms=108.8, error_rate=0.02\nLog signals: none\nTrace errors: none\nRoot-cause hypothesis: Uncertain anomaly.",
      "actions": [
        {
          "ok": true,
          "tool": "create_ticket",
          "severity": "medium",
          "summary": "Uncertain anomaly in payment-service",
          "message": "Ticket created: severity=medium, summary=Uncertain anomaly in payment-service",
          "ts": 1772592446.909399
        }
      ],
      "metrics_snapshot": [
        {
          "service": "frontend",
          "cpu": 0.17209878193772113,
          "memory": 0.2564577703188456,
          "latency_ms": 90.19566167476621,
          "error_rate": 0.0,
          "replicas": 2,
          "fault": null
        },
        {
          "service": "user-service",
          "cpu": 0.21185199080927775,
          "memory": 0.24666435124726305,
          "latency_ms": 106.58289091368323,
          "error_rate": 0.014002479123369969,
          "replicas": 1,
          "fault": null
        },
        {
          "service": "payment-service",
          "cpu": 0.202413827018988,
          "memory": 0.24485012405321613,
          "latency_ms": 108.75499242460492,
          "error_rate": 0.02450812670495267,
          "replicas": 1,
          "fault": null
        },
        {
          "service": "db",
          "cpu": 0.21431137178142423,
          "memory": 0.25432887460031006,
          "latency_ms": 100.65302073639832,
          "error_rate": 0.011733100807301663,
          "replicas": 1,
          "fault": null
        }
      ]
    }
  ]
}