{
  "id": "inc-1772592449",
  "started_at": 1772592449.49566,
  "timeline": [
    {
      "tick": 38,
      "service": "payment-service",
      "rca": "Anomaly detected.\nSuspected service: payment-service\nMetrics: cpu=0.15, mem=0.21, latency_ms=91.0, error_rate=0.01\nLog signals: none\nTrace errors: none\nRoot-cause hypothesis: Uncertain anomaly.",
      "actions": [
        {
          "ok": true,
          "tool": "create_ticket",
          "severity": "medium",
          "summary": "Uncertain anomaly in payment-service",
          "message": "Ticket created: severity=medium, summary=Uncertain anomaly in payment-service",
          "ts": 1772592449.497822
        }
      ],
      "metrics_snapshot": [
        {
          "service": "frontend",
          "cpu": 0.1313478015241665,
          "memory": 0.19832410333242717,
          "latency_ms": 72.43212225781198,
          "error_rate": 0.002510300608132064,
          "replicas": 2,
          "fault": null
        },
        {
          "service": "user-service",
          "cpu": 0.15352929543839483,
          "memory": 0.19760225896011502,
          "latency_ms": 81.97468372421166,
          "error_rate": 0.014260603693564772,
          "replicas": 1,
          "fault": null
        },
        {
          "service": "payment-service",
          "cpu": 0.14920475504452005,
          "memory": 0.2106954632478367,
          "latency_ms": 90.9648028864132,
          "error_rate": 0.012619008362163307,
          "replicas": 1,
          "fault": null
        },
        {
          "service": "db",
          "cpu": 0.1442490446420315,
          "memory": 0.2058789559251832,
          "latency_ms": 82.83174763296357,
          "error_rate": 0.020412893408820038,
          "replicas": 1,
          "fault": null
        }
      ]
    }
  ]
}