{
  "tick": 35,
  "note": "healthy",
  "metrics": [
    {
      "service": "frontend",
      "cpu": 0.14539568884245946,
      "memory": 0.24533917514244327,
      "latency_ms": 72.50160424618778,
      "error_rate": 0.009202175548685984,
      "replicas": 2,
      "fault": null
    },
    {
      "service": "user-service",
      "cpu": 0.18221183838783395,
      "memory": 0.2531034804916623,
      "latency_ms": 103.80729876686902,
      "error_rate": 0.011161109660563329,
      "replicas": 1,
      "fault": null
    },
    {
      "service": "payment-service",
      "cpu": 0.1814899940155218,
      "memory": 0.23218860342446163,
      "latency_ms": 102.33684307029215,
      "error_rate": 0.008998839463625943,
      "replicas": 1,
      "fault": null
    },
    {
      "service": "db",
      "cpu": 0.19458319830324347,
      "memory": 0.2501688417488647,
      "latency_ms": 100.69524773889069,
      "error_rate": 0.0065209842623816655,
      "replicas": 1,
      "fault": null
    }
  ]
}