{
  "tick": 55,
  "note": "healthy",
  "metrics": [
    {
      "service": "frontend",
      "cpu": 0.33044068964869033,
      "memory": 0.3955340102350836,
      "latency_ms": 153.30577828552785,
      "error_rate": 0.0071666149013727845,
      "replicas": 2,
      "fault": null
    },
    {
      "service": "user-service",
      "cpu": 0.38997972311188833,
      "memory": 0.39411139960693214,
      "latency_ms": 400.6376235837488,
      "error_rate": 0.16892326264988847,
      "replicas": 1,
      "fault": "timeout"
    },
    {
      "service": "payment-service",
      "cpu": 0.39844408151800276,
      "memory": 0.3924438545338938,
      "latency_ms": 381.7886852936106,
      "error_rate": 0.23884768323935698,
      "replicas": 1,
      "fault": "auth_denied"
    },
    {
      "service": "db",
      "cpu": 0.3745250993210563,
      "memory": 0.4107426891354665,
      "latency_ms": 170.6005088323097,
      "error_rate": 0.022319271175984992,
      "replicas": 1,
      "fault": null
    }
  ]
}