{
  "tick": 37,
  "note": "healthy",
  "metrics": [
    {
      "service": "frontend",
      "cpu": 0.14755962263254147,
      "memory": 0.24274270655952002,
      "latency_ms": 78.07921768513211,
      "error_rate": 0.0,
      "replicas": 2,
      "fault": null
    },
    {
      "service": "user-service",
      "cpu": 0.1908833324113625,
      "memory": 0.2455940502523941,
      "latency_ms": 100.75257114566874,
      "error_rate": 0.017960244592241464,
      "replicas": 1,
      "fault": null
    },
    {
      "service": "payment-service",
      "cpu": 0.21557040025729013,
      "memory": 0.25337614467989816,
      "latency_ms": 104.071666693155,
      "error_rate": 0.0065168091991861035,
      "replicas": 1,
      "fault": null
    },
    {
      "service": "db",
      "cpu": 0.18915046131446506,
      "memory": 0.2509667224353604,
      "latency_ms": 109.2077313305822,
      "error_rate": 0.01774196998561506,
      "replicas": 1,
      "fault": null
    }
  ]
}