{
  "tick": 59,
  "note": "healthy",
  "metrics": [
    {
      "service": "frontend",
      "cpu": 0.37739925792392853,
      "memory": 0.4235902676825647,
      "latency_ms": 179.0257627772506,
      "error_rate": 0.01288595232925567,
      "replicas": 2,
      "fault": null
    },
    {
      "service": "user-service",
      "cpu": 0.44969179852425084,
      "memory": 0.43689435609659716,
      "latency_ms": 424.474882597399,
      "error_rate": 0.17465258298301786,
      "replicas": 1,
      "fault": "timeout"
    },
    {
      "service": "payment-service",
      "cpu": 0.4392156724458447,
      "memory": 0.4247625974693254,
      "latency_ms": 413.7278611493148,
      "error_rate": 0.23626834187484105,
      "replicas": 1,
      "fault": "auth_denied"
    },
    {
      "service": "db",
      "cpu": 0.44648612251253605,
      "memory": 0.4326637822553384,
      "latency_ms": 194.57387200069456,
      "error_rate": 0.04409457003341816,
      "replicas": 1,
      "fault": null
    }
  ]
}