{
  "tick": 19,
  "note": "healthy",
  "metrics": [
    {
      "service": "frontend",
      "cpu": 0.43228304399378287,
      "memory": 0.9815489843066314,
      "latency_ms": 356.206350457682,
      "error_rate": 0.10776505973225795,
      "replicas": 1,
      "fault": "memory_leak"
    },
    {
      "service": "user-service",
      "cpu": 0.4537194511390853,
      "memory": 0.4275714370497611,
      "latency_ms": 463.20327765539344,
      "error_rate": 0.22120006384900306,
      "replicas": 1,
      "fault": "conn_refused"
    },
    {
      "service": "payment-service",
      "cpu": 0.42589831697813785,
      "memory": 0.4399864273818695,
      "latency_ms": 454.76186960725784,
      "error_rate": 0.20934566435220298,
      "replicas": 1,
      "fault": "conn_refused"
    },
    {
      "service": "db",
      "cpu": 0.4197582052764183,
      "memory": 0.4445181655695388,
      "latency_ms": 193.81547261761722,
      "error_rate": 0.03396171664230366,
      "replicas": 1,
      "fault": null
    }
  ]
}