{
  "tick": 1,
  "note": "healthy",
  "metrics": [
    {
      "service": "frontend",
      "cpu": 0.306577502147222,
      "memory": 0.33546283028541707,
      "latency_ms": 146.6950435383026,
      "error_rate": 0.0301477046786539,
      "replicas": 1,
      "fault": null
    },
    {
      "service": "user-service",
      "cpu": 0.33264505143523176,
      "memory": 0.3601488402588461,
      "latency_ms": 143.96960542791444,
      "error_rate": 0.02385671678907906,
      "replicas": 1,
      "fault": null
    },
    {
      "service": "payment-service",
      "cpu": 0.30676896071583815,
      "memory": 0.3332071765427964,
      "latency_ms": 152.33793453739338,
      "error_rate": 0.015948999789050924,
      "replicas": 1,
      "fault": null
    },
    {
      "service": "db",
      "cpu": 0.31353057796578127,
      "memory": 0.35045703506183323,
      "latency_ms": 153.12965838739046,
      "error_rate": 0.019827092836187585,
      "replicas": 1,
      "fault": null
    }
  ]
}