{
  "tick": 27,
  "note": "incident",
  "metrics": [
    {
      "service": "frontend",
      "cpu": 0.24654067608939895,
      "memory": 0.3416181227732311,
      "latency_ms": 118.78139397935377,
      "error_rate": 0.012752131459694544,
      "replicas": 2,
      "fault": null
    },
    {
      "service": "user-service",
      "cpu": 0.2999032472367936,
      "memory": 0.3398289599296402,
      "latency_ms": 142.62239839083858,
      "error_rate": 0.028708534284140323,
      "replicas": 1,
      "fault": null
    },
    {
      "service": "payment-service",
      "cpu": 0.2851240784961743,
      "memory": 0.34450931102843213,
      "latency_ms": 397.70070498097266,
      "error_rate": 0.1951004164715387,
      "replicas": 1,
      "fault": "conn_refused"
    },
    {
      "service": "db",
      "cpu": 0.3213320782774988,
      "memory": 0.308042848834786,
      "latency_ms": 133.83686164419188,
      "error_rate": 0.01867371513714085,
      "replicas": 1,
      "fault": null
    }
  ]
}