{
  "tick": 36,
  "note": "healthy",
  "metrics": [
    {
      "service": "frontend",
      "cpu": 0.14358589725597765,
      "memory": 0.21020849280802456,
      "latency_ms": 68.34912732414321,
      "error_rate": 0.0,
      "replicas": 2,
      "fault": null
    },
    {
      "service": "user-service",
      "cpu": 0.19085153780415523,
      "memory": 0.23095288597009572,
      "latency_ms": 99.75876480657138,
      "error_rate": 0.008396506375306041,
      "replicas": 1,
      "fault": null
    },
    {
      "service": "payment-service",
      "cpu": 0.1637926801007986,
      "memory": 0.21635368041252637,
      "latency_ms": 86.66043922244928,
      "error_rate": 0.00975277153298956,
      "replicas": 1,
      "fault": null
    },
    {
      "service": "db",
      "cpu": 0.16489107942010384,
      "memory": 0.20974682398243927,
      "latency_ms": 99.53322252559094,
      "error_rate": 0.016341002846564853,
      "replicas": 1,
      "fault": null
    }
  ]
}