{
  "tick": 28,
  "note": "incident",
  "metrics": [
    {
      "service": "frontend",
      "cpu": 0.24895219068262747,
      "memory": 0.34481075378614423,
      "latency_ms": 117.54256046408018,
      "error_rate": 0.005637450647918145,
      "replicas": 2,
      "fault": null
    },
    {
      "service": "user-service",
      "cpu": 0.3171627776568275,
      "memory": 0.3168659050659771,
      "latency_ms": 147.5198249721613,
      "error_rate": 0.01982714713267444,
      "replicas": 1,
      "fault": null
    },
    {
      "service": "payment-service",
      "cpu": 0.311310273872281,
      "memory": 0.3393730483903385,
      "latency_ms": 149.50050925425012,
      "error_rate": 0.025114144530267418,
      "replicas": 1,
      "fault": null
    },
    {
      "service": "db",
      "cpu": 0.2855826775138602,
      "memory": 0.32846173965691183,
      "latency_ms": 146.806391735993,
      "error_rate": 0.015174628153313913,
      "replicas": 1,
      "fault": null
    }
  ]
}