{
  "tick": 38,
  "note": "escalated",
  "metrics": [
    {
      "service": "frontend",
      "cpu": 0.16088462122394023,
      "memory": 0.24467744822640838,
      "latency_ms": 80.43331010580312,
      "error_rate": 0.0,
      "replicas": 2,
      "fault": null
    },
    {
      "service": "user-service",
      "cpu": 0.1912729312854611,
      "memory": 0.26148097293988015,
      "latency_ms": 99.42029307378344,
      "error_rate": 0.016167573534163704,
      "replicas": 1,
      "fault": null
    },
    {
      "service": "payment-service",
      "cpu": 0.21786674842569148,
      "memory": 0.24897999932686224,
      "latency_ms": 312.1886638209124,
      "error_rate": 0.21414059990356804,
      "replicas": 1,
      "fault": "auth_denied"
    },
    {
      "service": "db",
      "cpu": 0.1858452814902024,
      "memory": 0.2371447582336041,
      "latency_ms": 106.46565501488,
      "error_rate": 0.018383823330481778,
      "replicas": 1,
      "fault": null
    }
  ]
}