{
  "tick": 47,
  "note": "incident",
  "metrics": [
    {
      "service": "frontend",
      "cpu": 0.20829480667143732,
      "memory": 0.2928009570510526,
      "latency_ms": 102.1063125501523,
      "error_rate": 0.006622209343825873,
      "replicas": 2,
      "fault": null
    },
    {
      "service": "user-service",
      "cpu": 0.2802844655111425,
      "memory": 0.29081513453890645,
      "latency_ms": 128.12631190244758,
      "error_rate": 0.01634250013746304,
      "replicas": 1,
      "fault": null
    },
    {
      "service": "payment-service",
      "cpu": 0.25180781845762673,
      "memory": 0.312742791455834,
      "latency_ms": 346.9741729790947,
      "error_rate": 0.230239634646552,
      "replicas": 1,
      "fault": "auth_denied"
    },
    {
      "service": "db",
      "cpu": 0.25703169960977656,
      "memory": 0.3109967116873031,
      "latency_ms": 134.17506742924098,
      "error_rate": 0.020258580900269677,
      "replicas": 1,
      "fault": null
    }
  ]
}