{
  "tick": 39,
  "note": "suppressed",
  "metrics": [
    {
      "service": "frontend",
      "cpu": 0.1202101246408713,
      "memory": 0.23569998169574433,
      "latency_ms": 68.05885753243078,
      "error_rate": 0.003965000582443446,
      "replicas": 2,
      "fault": null
    },
    {
      "service": "user-service",
      "cpu": 0.15309838241196283,
      "memory": 0.2375189438948342,
      "latency_ms": 91.47396897262252,
      "error_rate": 0.008404049677362361,
      "replicas": 1,
      "fault": null
    },
    {
      "service": "payment-service",
      "cpu": 0.15457646562966731,
      "memory": 0.2206266315420732,
      "latency_ms": 300.34156381205787,
      "error_rate": 0.20548228445643982,
      "replicas": 1,
      "fault": "auth_denied"
    },
    {
      "service": "db",
      "cpu": 0.18793162465326682,
      "memory": 0.23511026640133315,
      "latency_ms": 88.52549351455889,
      "error_rate": 0.005967423412600505,
      "replicas": 1,
      "fault": null
    }
  ]
}