{
  "tick": 52,
  "note": "suppressed",
  "metrics": [
    {
      "service": "frontend",
      "cpu": 0.284759413411553,
      "memory": 0.31910395964822674,
      "latency_ms": 136.66339132211658,
      "error_rate": 0.0,
      "replicas": 2,
      "fault": null
    },
    {
      "service": "user-service",
      "cpu": 0.3039378572440201,
      "memory": 0.32901670545815104,
      "latency_ms": 372.98521121254095,
      "error_rate": 0.16812651575091753,
      "replicas": 1,
      "fault": "timeout"
    },
    {
      "service": "payment-service",
      "cpu": 0.29976937797773057,
      "memory": 0.31958495067825443,
      "latency_ms": 365.2949620792082,
      "error_rate": 0.21966399502078046,
      "replicas": 1,
      "fault": "auth_denied"
    },
    {
      "service": "db",
      "cpu": 0.31168903046476354,
      "memory": 0.3259603856452732,
      "latency_ms": 140.5432491517366,
      "error_rate": 0.029739724038054187,
      "replicas": 1,
      "fault": null
    }
  ]
}