{
  "tick": 48,
  "note": "suppressed",
  "metrics": [
    {
      "service": "frontend",
      "cpu": 0.2453020824537692,
      "memory": 0.30512586333058,
      "latency_ms": 121.06107004895742,
      "error_rate": 0.0,
      "replicas": 2,
      "fault": null
    },
    {
      "service": "user-service",
      "cpu": 0.28458146902370907,
      "memory": 0.3086863024637123,
      "latency_ms": 368.70399831465375,
      "error_rate": 0.16568070919899128,
      "replicas": 1,
      "fault": "timeout"
    },
    {
      "service": "payment-service",
      "cpu": 0.2865009803590334,
      "memory": 0.3233915534034283,
      "latency_ms": 354.05326851276976,
      "error_rate": 0.21440081529595562,
      "replicas": 1,
      "fault": "auth_denied"
    },
    {
      "service": "db",
      "cpu": 0.27247145278141005,
      "memory": 0.2914958473402166,
      "latency_ms": 142.93212758147573,
      "error_rate": 0.02346204089696858,
      "replicas": 1,
      "fault": null
    }
  ]
}