{
  "tick": 45,
  "note": "suppressed",
  "metrics": [
    {
      "service": "frontend",
      "cpu": 0.16921667239233912,
      "memory": 0.2522948854987325,
      "latency_ms": 78.56983121574423,
      "error_rate": 0.008256580320471095,
      "replicas": 2,
      "fault": null
    },
    {
      "service": "user-service",
      "cpu": 0.19010779725168528,
      "memory": 0.24595246729143583,
      "latency_ms": 98.83278216688882,
      "error_rate": 0.01143526579667395,
      "replicas": 1,
      "fault": null
    },
    {
      "service": "payment-service",
      "cpu": 0.18475898570473975,
      "memory": 0.25969179383624175,
      "latency_ms": 321.77742385059565,
      "error_rate": 0.21988094934747246,
      "replicas": 1,
      "fault": "auth_denied"
    },
    {
      "service": "db",
      "cpu": 0.1907021133294164,
      "memory": 0.2451756621013885,
      "latency_ms": 100.66454786747961,
      "error_rate": 0.018080165736019296,
      "replicas": 1,
      "fault": null
    }
  ]
}