{
  "tick": 41,
  "note": "suppressed",
  "metrics": [
    {
      "service": "frontend",
      "cpu": 0.13988613980589684,
      "memory": 0.2348002983705377,
      "latency_ms": 83.16778663811671,
      "error_rate": 0.009978046664586774,
      "replicas": 2,
      "fault": null
    },
    {
      "service": "user-service",
      "cpu": 0.1981581943408118,
      "memory": 0.22880188111497857,
      "latency_ms": 102.20064374391097,
      "error_rate": 0.012795422369453932,
      "replicas": 1,
      "fault": null
    },
    {
      "service": "payment-service",
      "cpu": 0.2006492771574162,
      "memory": 0.24459526689801392,
      "latency_ms": 310.5359245271635,
      "error_rate": 0.21232849054017455,
      "replicas": 1,
      "fault": "auth_denied"
    },
    {
      "service": "db",
      "cpu": 0.18611867542286797,
      "memory": 0.25075800148448985,
      "latency_ms": 102.86498502953151,
      "error_rate": 0.010564192456751643,
      "replicas": 1,
      "fault": null
    }
  ]
}