{
  "tick": 50,
  "note": "suppressed",
  "metrics": [
    {
      "service": "frontend",
      "cpu": 0.24381797634586605,
      "memory": 0.32670502929705036,
      "latency_ms": 117.03525679399962,
      "error_rate": 0.0038597202745027353,
      "replicas": 2,
      "fault": null
    },
    {
      "service": "user-service",
      "cpu": 0.30396169567738063,
      "memory": 0.3481705092148205,
      "latency_ms": 365.70914983688994,
      "error_rate": 0.16148337869339918,
      "replicas": 1,
      "fault": "timeout"
    },
    {
      "service": "payment-service",
      "cpu": 0.3053723836919007,
      "memory": 0.3481318549936352,
      "latency_ms": 362.1638279659081,
      "error_rate": 0.21605987201083307,
      "replicas": 1,
      "fault": "auth_denied"
    },
    {
      "service": "db",
      "cpu": 0.315064270868724,
      "memory": 0.3318882826588639,
      "latency_ms": 154.61167468882996,
      "error_rate": 0.021246256342956803,
      "replicas": 1,
      "fault": null
    }
  ]
}