{
  "tick": 18,
  "note": "healthy",
  "metrics": [
    {
      "service": "frontend",
      "cpu": 0.4564286202819817,
      "memory": 1.0,
      "latency_ms": 363.565596759006,
      "error_rate": 0.12262328480191649,
      "replicas": 1,
      "fault": "memory_leak"
    },
    {
      "service": "user-service",
      "cpu": 0.4309096046295124,
      "memory": 0.423652159756288,
      "latency_ms": 464.5737851342731,
      "error_rate": 0.20764905575693296,
      "replicas": 1,
      "fault": "conn_refused"
    },
    {
      "service": "payment-service",
      "cpu": 0.43793188775448993,
      "memory": 0.4243265156089987,
      "latency_ms": 467.0657904409661,
      "error_rate": 0.21975573827347797,
      "replicas": 1,
      "fault": "conn_refused"
    },
    {
      "service": "db",
      "cpu": 0.4379086380024002,
      "memory": 0.4439483742437983,
      "latency_ms": 203.27719531269273,
      "error_rate": 0.02907135317287337,
      "replicas": 1,
      "fault": null
    }
  ]
}