{
  "tick": 21,
  "note": "healthy",
  "metrics": [
    {
      "service": "frontend",
      "cpu": 0.41684334890522146,
      "memory": 1.0,
      "latency_ms": 352.638428054838,
      "error_rate": 0.1160844724285973,
      "replicas": 1,
      "fault": "memory_leak"
    },
    {
      "service": "user-service",
      "cpu": 0.39246431928128667,
      "memory": 0.4049182272787733,
      "latency_ms": 452.8106553663132,
      "error_rate": 0.2197591356831521,
      "replicas": 1,
      "fault": "conn_refused"
    },
    {
      "service": "payment-service",
      "cpu": 0.40950913051507365,
      "memory": 0.4142018303443956,
      "latency_ms": 436.3256719601743,
      "error_rate": 0.21934465526073313,
      "replicas": 1,
      "fault": "conn_refused"
    },
    {
      "service": "db",
      "cpu": 0.40486781427862806,
      "memory": 0.414342047458003,
      "latency_ms": 180.35682374403493,
      "error_rate": 0.03528788684267928,
      "replicas": 1,
      "fault": null
    }
  ]
}