{
  "tick": 24,
  "note": "healthy",
  "metrics": [
    {
      "service": "frontend",
      "cpu": 0.3609754143865485,
      "memory": 0.9959861145150615,
      "latency_ms": 321.19793717816134,
      "error_rate": 0.11217366893842327,
      "replicas": 1,
      "fault": "memory_leak"
    },
    {
      "service": "user-service",
      "cpu": 0.3813226687392931,
      "memory": 0.3909106431695716,
      "latency_ms": 435.95581438653267,
      "error_rate": 0.21398962881215938,
      "replicas": 1,
      "fault": "conn_refused"
    },
    {
      "service": "payment-service",
      "cpu": 0.3543699211633312,
      "memory": 0.3886574147995965,
      "latency_ms": 432.1647458045001,
      "error_rate": 0.20771221836829792,
      "replicas": 1,
      "fault": "conn_refused"
    },
    {
      "service": "db",
      "cpu": 0.36791250745217424,
      "memory": 0.39319182113088835,
      "latency_ms": 160.67368226012306,
      "error_rate": 0.021088002787953457,
      "replicas": 1,
      "fault": null
    }
  ]
}