{
  "tick": 11,
  "note": "healthy",
  "metrics": [
    {
      "service": "frontend",
      "cpu": 0.44925230843404224,
      "memory": 0.9876636028856661,
      "latency_ms": 368.6783339359069,
      "error_rate": 0.10866976197771425,
      "replicas": 1,
      "fault": "memory_leak"
    },
    {
      "service": "user-service",
      "cpu": 0.4522210685757394,
      "memory": 0.45441036045143873,
      "latency_ms": 215.4423379391116,
      "error_rate": 0.02737381380330454,
      "replicas": 1,
      "fault": null
    },
    {
      "service": "payment-service",
      "cpu": 0.47720243693351816,
      "memory": 0.470143913414135,
      "latency_ms": 459.910793421732,
      "error_rate": 0.21890901391578918,
      "replicas": 1,
      "fault": "conn_refused"
    },
    {
      "service": "db",
      "cpu": 0.46650506466826225,
      "memory": 0.43649555197522605,
      "latency_ms": 199.81787438137673,
      "error_rate": 0.04093742611621227,
      "replicas": 1,
      "fault": null
    }
  ]
}