{
  "tick": 17,
  "note": "healthy",
  "metrics": [
    {
      "service": "frontend",
      "cpu": 0.43421286957015875,
      "memory": 1.0,
      "latency_ms": 365.7155582137516,
      "error_rate": 0.10771142928556429,
      "replicas": 1,
      "fault": "memory_leak"
    },
    {
      "service": "user-service",
      "cpu": 0.43117903986901857,
      "memory": 0.4385589708577559,
      "latency_ms": 462.94566767353405,
      "error_rate": 0.21332607783360932,
      "replicas": 1,
      "fault": "conn_refused"
    },
    {
      "service": "payment-service",
      "cpu": 0.43141106867333967,
      "memory": 0.4383763920903585,
      "latency_ms": 470.5569259490472,
      "error_rate": 0.2241742688763391,
      "replicas": 1,
      "fault": "conn_refused"
    },
    {
      "service": "db",
      "cpu": 0.43133370947103405,
      "memory": 0.4381027007672853,
      "latency_ms": 205.53649950484564,
      "error_rate": 0.038069011788704754,
      "replicas": 1,
      "fault": null
    }
  ]
}