{
  "tick": 34,
  "note": "healthy",
  "metrics": [
    {
      "service": "frontend",
      "cpu": 0.12064255099543605,
      "memory": 0.23409291328434573,
      "latency_ms": 78.75194856576786,
      "error_rate": 0.003729020365120333,
      "replicas": 2,
      "fault": null
    },
    {
      "service": "user-service",
      "cpu": 0.17409789386891703,
      "memory": 0.24686873392370492,
      "latency_ms": 106.19403828351213,
      "error_rate": 0.006805779187240509,
      "replicas": 1,
      "fault": null
    },
    {
      "service": "payment-service",
      "cpu": 0.17795645179928343,
      "memory": 0.23674597225740815,
      "latency_ms": 95.53500586455807,
      "error_rate": 0.017024697927516416,
      "replicas": 1,
      "fault": null
    },
    {
      "service": "db",
      "cpu": 0.1927655476907697,
      "memory": 0.2454507924606317,
      "latency_ms": 94.81908595928249,
      "error_rate": 0.023272248571791984,
      "replicas": 1,
      "fault": null
    }
  ]
}