{
  "tick": 3,
  "note": "healthy",
  "metrics": [
    {
      "service": "frontend",
      "cpu": 0.37255353096032284,
      "memory": 0.3927184687050335,
      "latency_ms": 170.67213925143642,
      "error_rate": 0.032677392289229945,
      "replicas": 1,
      "fault": null
    },
    {
      "service": "user-service",
      "cpu": 0.3496457162119795,
      "memory": 0.3673661237186643,
      "latency_ms": 164.91285561834331,
      "error_rate": 0.020181795103404024,
      "replicas": 1,
      "fault": null
    },
    {
      "service": "payment-service",
      "cpu": 0.3571243763201942,
      "memory": 0.36229024986899155,
      "latency_ms": 164.68456840850303,
      "error_rate": 0.031299644450219474,
      "replicas": 1,
      "fault": null
    },
    {
      "service": "db",
      "cpu": 0.36240602802455635,
      "memory": 0.3730574313772777,
      "latency_ms": 163.31523696173093,
      "error_rate": 0.023925512005913738,
      "replicas": 1,
      "fault": null
    }
  ]
}