{
  "tick": 60,
  "note": "healthy",
  "metrics": [
    {
      "service": "frontend",
      "cpu": 0.3747511948673205,
      "memory": 0.41853086076909946,
      "latency_ms": 171.6311243598324,
      "error_rate": 0.010285084796144919,
      "replicas": 2,
      "fault": null
    },
    {
      "service": "user-service",
      "cpu": 0.41661103196128046,
      "memory": 0.44292203349599707,
      "latency_ms": 420.0346303169201,
      "error_rate": 0.17132678659169281,
      "replicas": 1,
      "fault": "timeout"
    },
    {
      "service": "payment-service",
      "cpu": 0.44444868623381456,
      "memory": 0.4330519624210549,
      "latency_ms": 413.18781832780076,
      "error_rate": 0.2398466414087234,
      "replicas": 1,
      "fault": "auth_denied"
    },
    {
      "service": "db",
      "cpu": 0.4191848555621943,
      "memory": 0.44751204303970993,
      "latency_ms": 187.36677951065903,
      "error_rate": 0.02409746840910101,
      "replicas": 1,
      "fault": null
    }
  ]
}