{
  "tick": 4,
  "note": "healthy",
  "metrics": [
    {
      "service": "frontend",
      "cpu": 0.38156480970858997,
      "memory": 0.37260520151345217,
      "latency_ms": 177.46236375177114,
      "error_rate": 0.022558017586381846,
      "replicas": 1,
      "fault": null
    },
    {
      "service": "user-service",
      "cpu": 0.3723777871522163,
      "memory": 0.40534058961099206,
      "latency_ms": 175.67982298984603,
      "error_rate": 0.030428962586636202,
      "replicas": 1,
      "fault": null
    },
    {
      "service": "payment-service",
      "cpu": 0.3845841395215054,
      "memory": 0.3994737323931207,
      "latency_ms": 178.39982602368906,
      "error_rate": 0.023870929150425366,
      "replicas": 1,
      "fault": null
    },
    {
      "service": "db",
      "cpu": 0.35848357923807195,
      "memory": 0.37837777750789153,
      "latency_ms": 168.23464531227822,
      "error_rate": 0.023509624582869804,
      "replicas": 1,
      "fault": null
    }
  ]
}