{
  "tick": 16,
  "note": "healthy",
  "metrics": [
    {
      "service": "frontend",
      "cpu": 0.4332674464759506,
      "memory": 0.9937152115117304,
      "latency_ms": 363.6868466894958,
      "error_rate": 0.12142142582911342,
      "replicas": 1,
      "fault": "memory_leak"
    },
    {
      "service": "user-service",
      "cpu": 0.4450586226075924,
      "memory": 0.4299186583097341,
      "latency_ms": 468.1000850378406,
      "error_rate": 0.20537914739452606,
      "replicas": 1,
      "fault": "conn_refused"
    },
    {
      "service": "payment-service",
      "cpu": 0.45021363817604065,
      "memory": 0.4530477318018271,
      "latency_ms": 450.81863934945017,
      "error_rate": 0.21103430029337722,
      "replicas": 1,
      "fault": "conn_refused"
    },
    {
      "service": "db",
      "cpu": 0.430075046711741,
      "memory": 0.4590657263800918,
      "latency_ms": 193.1685436389469,
      "error_rate": 0.03319987975849248,
      "replicas": 1,
      "fault": null
    }
  ]
}