{
  "tick": 29,
  "note": "healthy",
  "metrics": [
    {
      "service": "frontend",
      "cpu": 0.1981987837637605,
      "memory": 0.28472521550368624,
      "latency_ms": 101.22904167855191,
      "error_rate": 0.0,
      "replicas": 2,
      "fault": null
    },
    {
      "service": "user-service",
      "cpu": 0.2670594347222915,
      "memory": 0.28350672120813974,
      "latency_ms": 115.61839663391214,
      "error_rate": 0.013377471781477737,
      "replicas": 1,
      "fault": null
    },
    {
      "service": "payment-service",
      "cpu": 0.25226630400762656,
      "memory": 0.29113544386473955,
      "latency_ms": 124.87682073310596,
      "error_rate": 0.02824708569781189,
      "replicas": 1,
      "fault": null
    },
    {
      "service": "db",
      "cpu": 0.2623820921449504,
      "memory": 0.2837120981694502,
      "latency_ms": 129.07326562045006,
      "error_rate": 0.021704224941030584,
      "replicas": 1,
      "fault": null
    }
  ]
}