{
  "tick": 49,
  "note": "suppressed",
  "metrics": [
    {
      "service": "frontend",
      "cpu": 0.2022651999015178,
      "memory": 0.3127434286597059,
      "latency_ms": 118.08236007060184,
      "error_rate": 0.0,
      "replicas": 2,
      "fault": null
    },
    {
      "service": "user-service",
      "cpu": 0.2660683524869265,
      "memory": 0.2853802951043768,
      "latency_ms": 368.8198379596829,
      "error_rate": 0.15731753055625336,
      "replicas": 1,
      "fault": "timeout"
    },
    {
      "service": "payment-service",
      "cpu": 0.2694415030142382,
      "memory": 0.28367689454896083,
      "latency_ms": 347.63979347261403,
      "error_rate": 0.21394351984326,
      "replicas": 1,
      "fault": "auth_denied"
    },
    {
      "service": "db",
      "cpu": 0.26788226853066566,
      "memory": 0.30660866335809484,
      "latency_ms": 134.75740973250743,
      "error_rate": 0.030149720584721887,
      "replicas": 1,
      "fault": null
    }
  ]
}