{
  "tick": 54,
  "note": "healthy",
  "metrics": [
    {
      "service": "frontend",
      "cpu": 0.3162552911060792,
      "memory": 0.37388414907676865,
      "latency_ms": 157.49221346283724,
      "error_rate": 0.0010623193520588603,
      "replicas": 2,
      "fault": null
    },
    {
      "service": "user-service",
      "cpu": 0.3743163024577393,
      "memory": 0.39597559895237755,
      "latency_ms": 406.2933936711357,
      "error_rate": 0.16625238355202995,
      "replicas": 1,
      "fault": "timeout"
    },
    {
      "service": "payment-service",
      "cpu": 0.4031007727098581,
      "memory": 0.3918748034775899,
      "latency_ms": 384.4005733416779,
      "error_rate": 0.23185721051636285,
      "replicas": 1,
      "fault": "auth_denied"
    },
    {
      "service": "db",
      "cpu": 0.3672828009425828,
      "memory": 0.3987237067221796,
      "latency_ms": 182.38211973607994,
      "error_rate": 0.03276700798328269,
      "replicas": 1,
      "fault": null
    }
  ]
}